整租 | 汉江世纪星城 1室1厅1卫,"汉江世纪星城...
距离4号线王家湾地铁站4",1550,http://short.58.com/zd_p/c8ae7773-aeb6-4ae1-819a-560eed59150b/?target=ze-16-xgk_hvimob_88903766159358q-feykn&end=end
单间 | 江岸后湖跃进家园C区 2室1厅 主卧 朝南北 精装修,跃进家园C区,2000,http://short.58.com/zd_p/333bff07-3d11-476c-b941-aaadacf69838/?target=ze-16-xgk_ephv_88903346989742q-feykn&end=end
单间 | 房东直租大飘窗独立卫生间单间采光好配置齐全包网包物业,曙光星城A区,1000,http://short.58.com/zd_p/84e4aede-b692-48c4-a781-2401c14339a4/?target=ze-16-xgk_ephv_88521555689324q-feykn&end=end
整租 | 时尚欧洲 1室0厅1卫,时尚欧洲,1199,http://short.58.com/zd_p/8fe2e4db-320c-4028-8b4d-00eaff2f1e9a/?target=ze-16-xgk_hvimob_88909708976943q-feykn&end=end
单间 | 文豪苑酒店式 1室0厅 主卧 朝南北 精装修,文豪苑酒店式公寓精装修独,1000,http://short.58.com/zd_p/6743f712-1fe8-4dfe-af58-56afd487a7f1/?target=ze-16-xgk_ephv_31859473116301q-feykn&end=end
整租 | 东原时光道(商住楼) 1室1厅1卫,东原时光道(商住楼),2000,http://short.58.com/zd_p/9ec294ec-2554-4817-98e4-ff1aa08c3f57/?target=ze-16-xgk_hvimob_88182559625754q-feykn&end=end
单间 | 洪山新南湖芷岸龙庭 湖景单间 独卫 阳台,芷岸龙庭,1200,http://short.58.com/zd_p/9fa0acf5-7d61-4756-8236-3a1fccee71d9/?target=ze-16-xgk_ephv_88999690737298q-feykn&end=end
单间 | 8号线徐东地铁口 无中介费 可月付,新长江滨江花园,1030,http://short.58.com/zd_p/2c55e03c-1ed8-4ff6-bcab-b746093a63da/?target=ze-16-xgk_ephv_88908155555409q-feykn&end=end
单间 | 1号线二七路轻轨口 直达武汉天地循礼门江汉路 超大单,东立国际,1100,http://short.58.com/zd_p/0b85d1f6-24b7-4476-86f8-12bc385e8f81/?target=ze-16-xgk_ephv_83678211054746q-feykn&end=end
整租 | 星添元商务宾馆 1室0厅1卫,星添元商务宾馆,1300,http://short.58.com/zd_p/fcccd34a-3b7c-49f4-8c3a-22f9ec250d98/?target=ze-16-xgk_hvimob_87041435132690q-feykn&end=end
单间 | 洪山街道口狮城公寓(书城路) 独卫 独立阳台 精装修,狮城公寓(书城路),1100,http://short.58.com/zd_p/7c554a13-c788-460f-bf2e-65c98c03cd6c/?target=ze-16-xgk_ephv_88908044082473q-feykn&end=end
单间 | 洪山关山现代森林花园 1室1厨1卫1阳台朝南 全独立,现代森林花园,1500,http://short.58.com/zd_p/32e11ed4-3ba6-451a-a6a4-3b50e8a93e29/?target=ze-16-xgk_ephv_88972988695240q-feykn&end=end
单间 | 当代光谷智慧城 1室1卫 1200元 男女不限,当代光谷智慧城,1200,http://short.58.com/zd_p/1bfd0c73-ed61-486c-8eab-9657b357aa1d/?target=ze-16-xgk_ephv_88913357339367q-feykn&end=end
整租 | 宝安春天里 2室2厅1卫,宝安春天里,2200,http://short.58.com/zd_p/040670d5-32a0-4942-8e03-4701239f8a95/?target=ze-16-xgk_hvimob_88553518941452q-feykn&end=end
单间 | 徐东馨苑 3室2厅2卫 房东直租,徐东馨苑,1100,http://short.58.com/zd_p/bc5984a7-c1ad-4c96-ae18-0c3939d26cda/?target=ze-16-xgk_ephv_88932899299299q-feykn&end=end
整租 | 人信汉商银座D座 1室1厅1卫,人信汉商银座D座,2000,http://short.58.com/zd_p/88d68838-6358-49a2-a3da-049a9ca0d30d/?target=ze-16-xgk_hvimob_70271066559858q-feykn&end=end
单间 | 西马名仕直租精装修单间1100包网费和物业出租,西马名仕,1100,http://short.58.com/zd_p/e5a1ee25-d36f-40c5-8393-168fb3123452/?target=ze-16-xgk_ephv_88907535697972q-feykn&end=end
整租 | 城开汉口秀园 2室2厅1卫,"城开汉口秀园...
距离6号线杨汊湖地铁站2",2300,http://short.58.com/zd_p/7993c3e4-91b9-41bf-b4fc-f36a94b2fd1e/?target=ze-16-xgk_hvimob_88903484507089q-feykn&end=end
单间 | 当代光谷智慧城 米兰映象加州阳光康桥小区风度柏林,当代光谷智慧城,1150,http://short.58.com/zd_p/c9771584-d11c-486d-a10f-51e27fc2e4f3/?target=ze-16-xgk_ephv_88905845791961q-feykn&end=end
整租 | 鸿泽苑 2室1厅1卫,鸿泽苑,2200,http://short.58.com/zd_p/fbc23338-7656-4ae6-851a-ca91ddb8fb8e/?target=ze-16-xgk_hvimob_88911851446123q-feykn&end=end
整租 | 武汉江夏阳光100 3室2厅2卫,武汉江夏阳光100,3000,http://short.58.com/zd_p/96f48824-bc4a-4c4e-9156-631dbdadbf5e/?target=ze-16-xgk_hvimob_30179525104028q-feykn&end=end
整租 | 圆梦圆国际广场 3室2厅1卫,"圆梦圆国际广场...
距离3号线惠济二路地铁站7",3500,http://short.58.com/zd_p/7d90662e-8817-4dc1-b448-baee3d7d7ceb/?target=ze-16-xgk_hvimob_87442874440941q-feykn&end=end
整租 | 顶L国际城 1室0厅1卫,"顶L国际城...
距离6号线唐家墩地铁站2",1000,http://short.58.com/zd_p/a8584b58-f69c-43e4-8523-34f47953167d/?target=ze-16-xgk_hvimob_88121602517342q-feykn&end=end
单间 | 葛洲坝城市花园 无中介 同济医院对面 越秀对面 桥口,葛洲坝城市花园,1200,http://short.58.com/zd_p/96f5eb00-ca2b-4afa-9bfd-c9201c5300c0/?target=ze-16-xgk_ephv_88982010686806q-feykn&end=end
单间 | （独立洗手间可做饭）东西湖常青花园联通佳苑,联通佳苑,1000,http://short.58.com/zd_p/34f9965c-e4a2-42ac-880d-04b211f3be8a/?target=ze-16-xgk_ephv_88995138607282q-feykn&end=end
整租 | 紫菘逸景华庭 3室2厅2卫,紫菘逸景华庭,3800,http://short.58.com/zd_p/e6d9a4aa-44f9-4794-b7e5-6ec547f7c0f6/?target=ze-16-xgk_hvimob_88999693663388q-feykn&end=end
单间 | 单间独卫、汉阳王家湾、3号线地铁口、大润发100米、,龙阳1号,1060,http://short.58.com/zd_p/9c307424-575d-483e-bf04-bf028a61ea3a/?target=ze-16-xgk_ephv_88305370268575q-feykn&end=end
单间 | 房东直租 铁机盛世家园 主卧加独卫 新空调热水器 地,铁机盛世家园,1080,http://short.58.com/zd_p/34939388-5eaf-4ffb-be7c-4100be8ff65e/?target=ze-16-xgk_ephv_88932368739298q-feykn&end=end
整租 | 千晴岸 3室1厅1卫,千晴岸,1680,http://short.58.com/zd_p/dbb67a4c-7772-40a1-b58b-2cdfcc4748e6/?target=ze-16-xgk_hvimob_30108247128185q-feykn&end=end
整租 | 塔子湖锦绣家园 2室2厅1卫,塔子湖锦绣家园,2200,http://short.58.com/zd_p/1d996dc0-f196-4e71-b77c-633088471a56/?target=ze-16-xgk_hvimob_88819270329763q-feykn&end=end
整租 | 江城明珠 2室2厅1卫,江城明珠,1700,http://short.58.com/zd_p/71b8babb-e614-44b2-9f4f-0df402fc78b2/?target=ze-16-xgk_hvimob_88903122399936q-feykn&end=end
整租 | 武昌丁字桥银海花园 2室1厅1卫,武昌丁字桥银海花园,2200,http://short.58.com/zd_p/06ebbab0-4278-4382-b1e6-db7eab81424a/?target=ze-16-xgk_hvimob_84841033440225q-feykn&end=end
整租 | 光谷青年城 1室1厅1卫,光谷青年城,1350,http://short.58.com/zd_p/091bfa49-2252-4c37-bfa2-46eaafa8f632/?target=ze-16-xgk_hvimob_88317246318448q-feykn&end=end
单间 | 星悦城(三期) 1室1厅1卫 主卧 朝南 精装修,星悦城三期,1400,http://short.58.com/zd_p/2e2f396f-e78c-4c61-8774-24abc43878c3/?target=ze-16-xgk_ephv_32003169787787q-feykn&end=end
单间 | 步行街风度柏林\押一付一\个人无中间费\家电齐全,风度柏林,1000,http://short.58.com/zd_p/b3618d52-58f8-4b11-a715-5e5a7d017d30/?target=ze-16-xgk_ephv_88970547041951q-feykn&end=end
整租 | 紫御公馆 2室1厅1卫,紫御公馆,2500,http://short.58.com/zd_p/e8583a35-0565-4d9a-bc75-ae6158f797df/?target=ze-16-xgk_hvimob_88935692230814q-feykn&end=end
单间 | 江岸二七路圣诚阳光丽景 1室 主卧 朝东 中等装修,圣诚阳光丽景,1300,http://short.58.com/zd_p/832987af-1cd3-4e53-bd90-714f2fba0fac/?target=ze-16-xgk_ephv_88993948302489q-feykn&end=end
整租 | 清江饭店 3室2厅1卫,清江饭店,3500,http://short.58.com/zd_p/986aaa66-7e21-43e8-97ff-e006e7ddc2b6/?target=ze-16-xgk_hvimob_83091236878301q-feykn&end=end
整租 | 升华现代城 3室1厅1卫,升华现代城,2400,http://short.58.com/zd_p/4e2b3b5b-e2c7-4ca7-b136-1f073ba9431d/?target=ze-16-xgk_hvimob_88940655126264q-feykn&end=end
整租 | 珞珈雅苑 1室0厅1卫,珞珈雅苑,1050,http://short.58.com/zd_p/eb56d608-ede0-43e8-ac0a-88c6547350d8/?target=ze-16-xgk_hvimob_88109401889981q-feykn&end=end
整租 | 龙江庭院B区 2室2厅2卫,龙江庭院B区,1000,http://short.58.com/zd_p/9ae4930d-f297-432a-a091-58c6ca0dc279/?target=ze-16-xgk_hvimob_88129265166160q-feykn&end=end
整租 | 中山大道739号 2室1厅1卫,中山大道739号,3000,http://short.58.com/zd_p/a034215b-4c5f-4f10-b24d-7ab4b93d4615/?target=ze-16-xgk_hvimob_88869222538707q-feykn&end=end
单间 | 个人，复地东湖国际五期|4室合租|楚河汉街对面|阳台,复地东湖国际五六期,1000,http://short.58.com/zd_p/4454055c-94b3-4ada-ae86-59efb97b84ab/?target=ze-16-xgk_ephv_88157757472072q-feykn&end=end
单间 | 石桥地铁口 石桥花园 汉口花园 超大独卫 押一付一,石桥花园一期,1200,http://short.58.com/zd_p/9db73c84-2592-44d1-bf81-986c2d045c05/?target=ze-16-xgk_ephv_88917599538661q-feykn&end=end
单间 | 地铁2号线王家墩东出口旁同成广场精装电梯单间图片真实,同成广场,1150,http://short.58.com/zd_p/47ae7f06-edc5-4135-99aa-f2aa25e59b9c/?target=ze-16-xgk_ephv_88997465337004q-feykn&end=end
单间 | 南国北都城市广场SOHO 1室1厅1卫 男女不限,南国北都城市广场SOHO,1000,http://short.58.com/zd_p/ba924c2f-df78-4cc2-9d5e-2db24f4b8d6b/?target=ze-16-xgk_ephv_88940070221877q-feykn&end=end
整租 | 东立国际 2室2厅2卫,"东立国际...
距离3号线二七小路地铁站5",2600,http://short.58.com/zd_p/892d534e-6710-4856-b312-f3c5c595dbc8/?target=ze-16-xgk_hvimob_88853233495203q-feykn&end=end
整租 | 武汉国博新城 3室2厅2卫,"武汉国博新城...
距离6号线国博中心南地铁站7",2300,http://wh.58.com/zufang/31018532966980x.shtml
单间 | 锦绣龙城隔壁中铁十七局公寓 2室1厅1卫 男女不限,锦绣龙城,1150,http://wh.58.com/hezu/33678907089079x.shtml
整租 | 临江港湾 3室2厅1卫,临江港湾,2000,http://wh.58.com/zufang/33678911087786x.shtml
单间 | 美联奥林匹克花园次卧招合租，包物业,美联奥林匹克花园四期,1300,http://wh.58.com/hezu/33396907819946x.shtml
整租 | 华润桃源里 2室1厅1卫,"华润桃源里...
距离6号线苗栗路地铁站7",2700,http://wh.58.com/zufang/33369350595792x.shtml
整租 | 星海蓝天 2室2厅1卫,"星海蓝天...
距离3号线二七小路地铁站3",2500,http://wh.58.com/zufang/30034608462783x.shtml
整租 | ~口-宝丰航空路地矿局宿舍2室1厅1卫2300元,"航空路地矿局宿舍...
距离2号线青年路地铁站2",2300,http://wh.58.com/zufang/28573715725624x.shtml
整租 | 和昌都汇华府 2室1厅1卫,和昌都汇华府,2400,http://wh.58.com/zufang/33457233282228x.shtml
整租 | 东沙花园(北区) 2室1厅1卫,"东沙花园(北区)...
距离4号线铁机路地铁站3",2300,http://wh.58.com/zufang/33673093484224x.shtml
整租 | 汉宫银座 1室1厅1卫,"汉宫银座...
距离2号线积玉桥地铁站6",2700,http://wh.58.com/zufang/33678856570803x.shtml
单间 | 洪山光谷华城新都 4室1厅 次卧 朝南 精装修,华城新都,1160,http://wh.58.com/hezu/33678850859078x.shtml
整租 | 南国西汇 1室1厅1卫,南国西汇,1400,http://wh.58.com/zufang/32615941123886x.shtml
整租 | 莲溪社区 2室2厅1卫,莲溪社区,1100,http://wh.58.com/zufang/33300548390067x.shtml
单间 | 巴黎豪庭单间带独卫，免物业宽带费，房东本人出租无中介,南益巴黎豪庭,1300,http://wh.58.com/hezu/33675998975166x.shtml
整租 | 吉庆街小区 1室1厅1卫,"吉庆街小区...
距离1号线循礼门地铁站4",1700,http://wh.58.com/zufang/21375763702433x.shtml
单间 | 中建康城东区 独卫 无中介 个人工作原因 急转,中建康城东区,1500,http://wh.58.com/hezu/33607894391759x.shtml
整租 | 海天汽配城幸福天地 2室1厅1卫,海天汽配城幸福天地,1800,http://wh.58.com/zufang/33678784392759x.shtml
整租 | 南国西汇生活广场 2室1厅1卫,南国西汇生活广场,2400,http://wh.58.com/zufang/21010620176789x.shtml
整租 | 知音国际茶城 2室1厅1卫,"知音国际茶城...
距离3号线陶家岭地铁站6",2500,http://wh.58.com/zufang/33678764883497x.shtml
整租 | 21街坊 2室1厅1卫,21街坊,1300,http://wh.58.com/zufang/33585922095531x.shtml
整租 | 清能清江锦城一期 3室2厅2卫,清能清江锦城一期,2500,http://wh.58.com/zufang/33389014078125x.shtml
单间 | 招培训机构合作伙伴（书法、画画，主持人培训）等等！,绿地国际金融城,2000,http://wh.58.com/hezu/33015435524029x.shtml
整租 | 汉口北 轻轨站旁小区 2室2厅1卫,汉口北 轻轨站旁小区,1600,http://wh.58.com/zufang/33345214164012x.shtml
整租 | 天悦尚景 2室1厅1卫,"天悦尚景...
距离1号线新荣地铁站6",1800,http://wh.58.com/zufang/33588024727502x.shtml
整租 | F、阳光城 巨龙大道特8号,F、阳光城,1000,http://wh.58.com/zufang/33678737917231x.shtml
整租 | 光谷总部国际 1室1厅1卫,光谷总部国际,2600,http://wh.58.com/zufang/33468775609145x.shtml
单间 | 当代国际花园 3室2厅2卫 限女生,当代国际花园,1100,http://wh.58.com/hezu/32846583184320x.shtml
整租 | 塔子湖锦绣家园幽兰苑 2室1厅1卫,塔子湖锦绣家园幽兰苑,2100,http://wh.58.com/zufang/33678240790216x.shtml
整租 | 徐东平价对面公路桥小区 2室1厅1卫,徐东平价对面公路桥小区,1800,http://wh.58.com/zufang/33617484893757x.shtml
整租 | 中国铁建国际城 2室1厅1卫,"中国铁建国际城...
距离4号线玉龙路地铁站4",2400,http://wh.58.com/zufang/29314070651831x.shtml
单间 | 找室友，整租主卧，中介勿扰，锦华小区 2室1厅1卫,锦华小区,1200,http://wh.58.com/hezu/33523690228924x.shtml
整租 | 洪山南湖鸿城家园 2室2厅1卫,洪山南湖鸿城家园,2000,http://wh.58.com/zufang/25279364588875x.shtml
整租 | 武汉市江夏区光谷二路商贸学院 1室1厅1卫,武汉市江夏区光谷二路商贸,1000,http://wh.58.com/zufang/33661567280572x.shtml
整租 | 保安街社区 2室1厅1卫,"保安街社区...
距离4号线复兴路地铁站8",2000,http://wh.58.com/zufang/25813938310599x.shtml
单间 | 磨山港湾 玉龙路地铁站旁房东直租,磨山港湾,1000,http://wh.58.com/hezu/33240348193983x.shtml
整租 | 武昌丁字桥银海花园 2室1厅1卫,武昌丁字桥银海花园,2200,http://wh.58.com/zufang/30305722007994x.shtml
单间 | 江汉常青富豪花园西区 3室2厅 主卧 精装修,富豪花园西区,1300,http://wh.58.com/hezu/33408468690985x.shtml
整租 | 汉正花园 3室1厅1卫,"汉正花园...
距离6号线汉正街地铁站5",3500,http://wh.58.com/zufang/33413628064820x.shtml
单间 | 政苑小区 3室1厅 主卧 朝南 中等装修,政苑小区,1000,http://wh.58.com/hezu/33645263226415x.shtml
整租 | 关山大道 2室1厅1卫,关山大道,1800,http://wh.58.com/zufang/33545411527375x.shtml
整租 | 统建玫瑰苑(北苑) 2室1厅1卫,"统建玫瑰苑(北苑)...
距离4号线玉龙路地铁站3",1800,http://wh.58.com/zufang/33563867212098x.shtml
整租 | 碧水晴天小区 2室2厅1卫,碧水晴天小区,2600,http://wh.58.com/zufang/27417008116908x.shtml
单间 | 洪山光谷金地天悦 3室1厅 主卧 精装修,金地天悦,1230,http://wh.58.com/hezu/33678696229187x.shtml
整租 | 顶L国际城青年家 2室2厅2卫,"顶L国际城青年家...
距离6号线唐家墩地铁站2",4300,http://wh.58.com/zufang/33388538656297x.shtml
整租 | 中轻大楼 2室1厅1卫,"中轻大楼...
距离1号线三阳路地铁站4",2200,http://wh.58.com/zufang/33678656032460x.shtml
整租 | 金山银湖湾 5室2厅2卫,金山银湖湾,2500,http://wh.58.com/zufang/33353494854697x.shtml
整租 | 创业街10栋B座 3室2厅2卫,创业街10栋B座,3500,http://wh.58.com/zufang/33678642874953x.shtml
单间 | 个人东湖景园A区1室1厅1卫 换工作急转租 3室1厅,个人东湖景园A区1室1厅,1000,http://wh.58.com/hezu/33678632534072x.shtml
整租 | 曙光星城C区 3室2厅2卫,曙光星城C区,3400,http://wh.58.com/zufang/33660987488690x.shtml
整租 | 广电兰亭荣荟 2室1厅1卫,广电兰亭荣荟,2600,http://wh.58.com/zufang/33678629983565x.shtml
整租 | 南湖康泰花园海棠苑 1室1厅1卫,"南湖康泰花园海棠苑...
距离2号线杨家湾地铁站10",1850,http://wh.58.com/zufang/33390501484731x.shtml
单间 | 徐东八号线地铁口精装单间出租,佳馨花园2期,1000,http://wh.58.com/hezu/33678612910405x.shtml
单间 | 徐东保利城大房出租,保利城,1000,http://wh.58.com/hezu/31959833376201x.shtml
整租 | 永开商住楼 2室2厅1卫,"永开商住楼...
距离4号线玉龙路地铁站7",1800,http://wh.58.com/zufang/33423079655105x.shtml
整租 | 韵湖春晓 3室2厅2卫,韵湖春晓,1900,http://wh.58.com/zufang/29441826746177x.shtml
整租 | 远洋世界3期 3室2厅2卫,远洋世界3期,1000,http://wh.58.com/zufang/33678590347715x.shtml
单间 | 马房山狮城翰园 单间出租,狮城翰园,1000,http://wh.58.com/hezu/33678582832591x.shtml
整租 | 通信学院家属院 2室1厅1卫,"通信学院家属院...
距离1号线黄浦路地铁站5",2400,http://wh.58.com/zufang/33466758111041x.shtml
单间 | 金融港万科魅力之城南区 大间1150小间950，包网,万科魅力之城南区,2100,http://wh.58.com/hezu/33678579449387x.shtml
整租 | 天伦华庭 2室1厅1卫,"天伦华庭...
距离3号线二七小路地铁站4",2400,http://wh.58.com/zufang/33483762088246x.shtml
整租 | 楚天都市金园 2室2厅1卫,"楚天都市金园...
距离3号线云飞路地铁站11",2600,http://wh.58.com/zufang/33678572552626x.shtml
整租 | 摩根空间 2室1厅2卫,"摩根空间...
距离3号线沌阳大道地铁站10",2000,http://wh.58.com/zufang/33678577573426x.shtml
单间 | 洪山卓刀泉保利华都 3室1厅 主卧 朝西 精装修,保利华都,1390,http://wh.58.com/hezu/33678568801103x.shtml
整租 | 清和里社区 1室1厅1卫,清和里社区,1400,http://wh.58.com/zufang/29141074692555x.shtml
整租 | 九峰同安里二期 1室1厅1卫,九峰同安里二期,1300,http://wh.58.com/zufang/33419764969037x.shtml
整租 | 喻家湖社区 3室1厅1卫,喻家湖社区,2500,http://wh.58.com/zufang/33299363610666x.shtml
单间 | 华师大西门报刊社宿舍楼 1室1厅1卫 男女不限,华师大西门报刊社宿舍楼,1200,http://wh.58.com/hezu/33530974698034x.shtml
单间 | 东亭花园樱花苑 3室1厅1卫 限女生,东亭花园樱花苑,1050,http://wh.58.com/hezu/33606047584585x.shtml
整租 | 二桥街水仙里社区 2室1厅2卫,"二桥街水仙里社区...
距离4号线玉龙路地铁站5",1800,http://wh.58.com/zufang/33609671773771x.shtml
单间 | 华师大西门报刊社宿舍楼 1室1厅1卫 男女不限,华师大西门报刊社宿舍楼,1200,http://wh.58.com/hezu/33530974698034x.shtml
单间 | 东亭花园樱花苑 3室1厅1卫 限女生,东亭花园樱花苑,1050,http://wh.58.com/hezu/33606047584585x.shtml
整租 | 站邻园社区 2室1厅1卫,"站邻园社区...
距离1号线崇仁路地铁站1",1800,http://wh.58.com/zufang/33678559178412x.shtml
单间 | 只限女生合租，单间出租，全新装修,百瑞景中央生活区6期,1200,http://wh.58.com/hezu/33663530716215x.shtml
整租 | 宝利金中央荣御 2室2厅2卫,"宝利金中央荣御...
距离2号线江汉路地铁站3",2600,http://wh.58.com/zufang/33678541696973x.shtml
整租 | 球场街安静小区 2室1厅1卫,球场街安静小区,2800,http://wh.58.com/zufang/33678531274028x.shtml
整租 | 集贤路茶叶市场小区 3室2厅1卫,"集贤路茶叶市场小区...
距离1号线崇仁路地铁站2",3200,http://wh.58.com/zufang/33678530549934x.shtml
整租 | 纯水岸东湖三期(别墅) 2室2厅1卫,"纯水岸东湖三期(别墅)...
距离4号线园林路地铁站14",3000,http://wh.58.com/zufang/33402175188413x.shtml
整租 | 银泰御华园 1室1厅1卫,"银泰御华园...
距离3号线兴业路地铁站5",2100,http://wh.58.com/zufang/32041454952237x.shtml
单间 | 万科魅力之城北区 3室1厅1卫 限女生,万科魅力之城北区,1250,http://wh.58.com/hezu/33678504383560x.shtml
整租 | 中构银城 1室1卫,"中构银城...
距离3号线沌阳大道地铁站2",1200,http://wh.58.com/zufang/33678514548649x.shtml
整租 | 方家村285号 2室1厅1卫,方家村285号,1800,http://wh.58.com/zufang/33425939419836x.shtml
整租 | 鼎盛华城 3室2厅1卫,"鼎盛华城...
距离3号线兴业路地铁站3",2600,http://wh.58.com/zufang/33678508294863x.shtml
单间 | 循礼门地铁口 独卫带阳台 可3室整租,华顺公寓,1390,http://wh.58.com/hezu/33678502801849x.shtml
单间 | 中建三局二公司住宅小区 3室2厅1卫 男女不限 主卧,中建三局三公司住宅小区,1250,http://wh.58.com/hezu/33287506574910x.shtml
单间 | 东湖景园A区 一室1厅1卫 限女生(个人),东湖景园A区,1000,http://wh.58.com/hezu/33678498813618x.shtml
单间 | 武昌东亭东湖壹号 1室 主卧,东湖壹号,1200,http://wh.58.com/hezu/33678491101392x.shtml
整租 | 九峰清和里社区 3室2厅1卫,九峰清和里社区,2100,http://wh.58.com/zufang/33573666931770x.shtml
单间 | 余华岭佳园 3室1厅2卫 男女不限,余华岭佳园,1000,http://wh.58.com/hezu/33539606967365x.shtml
整租 | 塔子湖兴隆苑 2室1厅1卫,塔子湖兴隆苑,2200,http://wh.58.com/zufang/33678496769847x.shtml
整租 | 朝阳富苑 3室2厅1卫,"朝阳富苑...
距离4号线玉龙路地铁站3",2200,http://wh.58.com/zufang/33454469136425x.shtml
整租 | 重才里 2室1厅1卫,"重才里...
距离3号线惠济二路地铁站9",2000,http://wh.58.com/zufang/33678485268789x.shtml
整租 | 永利新城西苑 3室2厅1卫,"永利新城西苑...
距离1号线古田二路地铁站10",3000,http://wh.58.com/zufang/33634282293677x.shtml
整租 | 五红里社区 2室1厅1卫,"五红里社区...
距离4号线五里墩地铁站3",1400,http://wh.58.com/zufang/33633876718012x.shtml
整租 | 金鹤园北区 2室2厅1卫,"金鹤园北区...
距离4号线园林路地铁站8",1800,http://wh.58.com/zufang/33429293556783x.shtml
整租 | 金寓 4室2厅1卫,金寓,1400,http://wh.58.com/zufang/32104548275774x.shtml
整租 | 塔子湖锦绣家园幽兰苑 3室2厅1卫,塔子湖锦绣家园幽兰苑,2600,http://wh.58.com/zufang/33111535693381x.shtml
整租 | 复兴新村 2室1厅1卫,"复兴新村小区...
距离3号线云飞路地铁站5",1700,http://wh.58.com/zufang/33551831872954x.shtml
整租 | 汉城花园 3室1厅2卫,"汉城花园...
距离3号线四新大道地铁站8",2500,http://wh.58.com/zufang/33449701855311x.shtml
整租 | 佛祖岭C区 2室2厅1卫,佛祖岭C区,2000,http://wh.58.com/zufang/33612205936447x.shtml
整租 | 汉飞精英青年城 3室1厅1卫,汉飞精英青年城,2600,http://wh.58.com/zufang/33678463989952x.shtml
整租 | 统建天成美雅 2室2厅1卫,统建天成美雅,3200,http://wh.58.com/zufang/33678456698701x.shtml
单间 | 关山春晓 1室1厅 男女不限,关山春晓,1050,http://wh.58.com/hezu/33641258985257x.shtml
整租 | 曙光星城A区 1室0厅1卫,曙光星城A区,1500,http://wh.58.com/zufang/30833809530685x.shtml
整租 | 北城角 2室2厅1卫,北城角,2000,http://wh.58.com/zufang/32069538402892x.shtml
整租 | 九峰街・德欣里-东苑 1室1厅1卫,九峰街・德欣里-东苑,1300,http://wh.58.com/zufang/33661342330545x.shtml
整租 | 曙光星城A区 1室0厅1卫,曙光星城A区,1500,http://wh.58.com/zufang/30833809530685x.shtml
单间 | 和昌都汇华府 单间主卧带独卫,绿地中央广场D区,1000,http://wh.58.com/hezu/33413697880775x.shtml
整租 | 江夏老一中宿舍 3室1厅1卫,江夏老一中宿舍,1300,http://wh.58.com/zufang/33654345531977x.shtml
整租 | 恒源卓悦假日 1室1厅1卫,"恒源卓悦假日...
距离2号线虎泉地铁站4",1800,http://wh.58.com/zufang/32705325752118x.shtml
整租 | 翰林苑小区 2室2厅1卫,"翰林苑小区...
距离3号线汉阳客运站地铁站4",1850,http://wh.58.com/zufang/29337853322432x.shtml
整租 | 红桥新城 2室1厅1卫,"红桥新城...
距离6号线唐家墩地铁站11",2300,http://wh.58.com/zufang/33451515937583x.shtml
单间 | 日月华庭 2室2厅1卫 限女生,日月华庭,1500,http://wh.58.com/hezu/33544900864824x.shtml
整租 | 八一花园金樱苑 4室1厅3卫,"八一花园金樱苑...
距离2号线杨家湾地铁站14",3100,http://wh.58.com/zufang/33678421212876x.shtml
整租 | 朗诗里程 3室2厅1卫,朗诗里程,2300,http://wh.58.com/zufang/33678418592943x.shtml
整租 | 纽宾凯都会中心汀澜公馆 琴台大道，近赫山路,"纽宾凯都会中心汀澜公馆...
距离4号线十里铺地铁站10",1000,http://wh.58.com/zufang/33678425172663x.shtml
整租 | 梁山头社区 1室1厅1卫,梁山头社区,1300,http://wh.58.com/zufang/33541132214062x.shtml
整租 | 大智公寓 1室0厅1卫,"大智公寓...
距离1号线大智路地铁站2",1450,http://wh.58.com/zufang/33499373109824x.shtml
整租 | 三星公寓 2室2厅1卫,"三星公寓...
距离1号线汉西一路地铁站3",2700,http://wh.58.com/zufang/33678411393071x.shtml
整租 | 世茂林屿岸 2室2厅1卫,世茂林屿岸,3000,http://wh.58.com/zufang/33678407970741x.shtml
整租 | 万科圆方 2室1厅1卫,"万科圆方...
距离6号线唐家墩地铁站5",2800,http://wh.58.com/zufang/30668141860916x.shtml
单间 | 虎泉领秀城 合租单间出租男女不限,领秀城,1000,http://wh.58.com/hezu/33678404638398x.shtml
整租 | 万科红郡 3室1厅1卫,万科红郡,3500,http://wh.58.com/zufang/33678404825393x.shtml
整租 | 奥山世纪城 2室2厅1卫,奥山世纪城,2600,http://wh.58.com/zufang/17387893031945x.shtml
单间 | 软件园 清江山水 3室2厅1卫 男女不限,清江山水,1300,http://wh.58.com/hezu/33564704885968x.shtml
整租 | 长源假日港湾(别墅) 1室1厅1卫,长源假日港湾(别墅),1941,http://wh.58.com/zufang/33663480399791x.shtml
整租 | 光谷青年城 1室1厅1卫,光谷青年城,1200,http://wh.58.com/zufang/33678392809262x.shtml
整租 | 城市之光25栋 2室2厅1卫,城市之光25栋,2100,http://wh.58.com/zufang/33678386101180x.shtml
整租 | 佳和馨居 2室1厅1卫,"佳和馨居...
距离3号线东风公司地铁站8",1850,http://wh.58.com/zufang/33552484400948x.shtml
整租 | 恒达盘龙湾荷苑 3室2厅1卫,恒达盘龙湾荷苑,1200,http://wh.58.com/zufang/33678386161231x.shtml
单间 | 沙湖港湾 2室2厅1卫 男女不限 拎包入住 寻求室友,沙湖港湾,2200,http://wh.58.com/hezu/33678383573957x.shtml
单间 | 华中科技大学 珞喻路 现代森林花园 包网包物业 可月,现代森林花园,1030,http://wh.58.com/hezu/33678383061827x.shtml
整租 | 读书院 1室1厅1卫,读书院,2100,http://wh.58.com/zufang/33257089337261x.shtml
单间 | 现代森林小镇 3室1厅1卫 男女不限,现代森林小镇,1200,http://wh.58.com/hezu/33562448455613x.shtml
单间 | 华中科技大学 珞喻路 剑桥春天 巴黎豪庭 可月付,卧龙剑桥春天东区,1030,http://wh.58.com/hezu/33678367226830x.shtml
整租 | 中央锦城 2室1厅1卫,"中央锦城...
距离6号线唐家墩地铁站",3000,http://wh.58.com/zufang/31509956809387x.shtml
整租 | 武汉碧桂园别墅 2室1厅1卫,武汉碧桂园别墅,1200,http://wh.58.com/zufang/22550235987491x.shtml
整租 | 中大长江紫都 4室2厅2卫,中大长江紫都,2600,http://wh.58.com/zufang/32026189849771x.shtml
整租 | 长投珑庭 2室2厅1卫,"长投珑庭...
距离4号线梅苑小区地铁站7",3300,http://wh.58.com/zufang/33562014011830x.shtml
单间 | 2室2厅1卫 限女生 ，作息规律，爱干净爱整洁,中科院武汉分院西区,1500,http://wh.58.com/hezu/33464171093826x.shtml
单间 | 江城雅居一期 独卫+飘窗,江城雅居一期,1460,http://wh.58.com/hezu/33463409525945x.shtml
整租 | 光谷新城 3室2厅1卫,光谷新城,2000,http://wh.58.com/zufang/32792410558789x.shtml
整租 | 长投珑庭 2室2厅1卫,"长投珑庭...
距离4号线梅苑小区地铁站7",3300,http://wh.58.com/zufang/33562014011830x.shtml
整租 | 南湖丰华园明泽第六区 2室1厅1卫,南湖丰华园明泽第六区,2200,http://wh.58.com/zufang/33586134041135x.shtml
单间 | 中南一路小区招租 3室1厅1卫 招租,中南一路小区招租,1000,http://wh.58.com/hezu/33189748285879x.shtml
单间 | 中南商圈 丁字桥路 高档小区 房东直租 地铁2号梅苑,向阳佳苑A区,1050,http://wh.58.com/hezu/33630550191925x.shtml
整租 | 江腾苑C区 1室1厅1卫,"江腾苑C区...
距离6号线建港地铁站14",1500,http://wh.58.com/zufang/33678356664899x.shtml
整租 | 欢乐星城 2室1厅1卫,"欢乐星城...
距离4号线园林路地铁站10",2000,http://wh.58.com/zufang/33678340647491x.shtml
单间 | 光谷创业街 华中科技大学 华乐花园 包网包物业 可月,华乐花园,1030,http://wh.58.com/hezu/33678342160325x.shtml
整租 | 南湖名都A区 2室2厅1卫,南湖名都A区,2300,http://wh.58.com/zufang/27691334048828x.shtml
整租 | 武汉市委机关宿舍 2室1厅1卫,"武汉市委机关宿舍...
距离3号线惠济二路地铁站1",2100,http://wh.58.com/zufang/33452216011692x.shtml
整租 | 东方雅园一期 3室2厅1卫,"东方雅园一期...
距离4号线工业四路地铁站9",2400,http://wh.58.com/zufang/33666523638826x.shtml
整租 | 天悦尚景 1室1厅1卫,"天悦尚景...
距离1号线新荣地铁站6",1800,http://wh.58.com/zufang/32311674996284x.shtml
整租 | 旭辉御府 2室2厅1卫,旭辉御府,1300,http://wh.58.com/zufang/33678322264636x.shtml
单间 | 金地雄楚一号 3室1厅2卫 男女不限,金地雄楚一号,1100,http://wh.58.com/hezu/31908343732665x.shtml
单间 | 保利城 1室1厅1卫 带阳台豪华淋浴房,保利城,1250,http://wh.58.com/hezu/33678319367851x.shtml
整租 | 丽岛柳园南区 2室2厅1卫,丽岛柳园南区,2400,http://wh.58.com/zufang/33678319302976x.shtml
整租 | 壹加壹空间 1室1厅1卫,"壹加壹空间...
距离3号线陶家岭地铁站1",1600,http://wh.58.com/zufang/33650269110583x.shtml
整租 | 海天汽配城幸福天地 2室1厅1卫,海天汽配城幸福天地,1800,http://wh.58.com/zufang/33678784393155x.shtml
单间 | 当代国际花园 3室2厅2卫 男女不限,当代国际花园,1100,http://wh.58.com/hezu/33612019129016x.shtml
整租 | 塔子湖锦绣家园幽兰苑 2室1厅1卫,塔子湖锦绣家园幽兰苑,2100,http://wh.58.com/zufang/33678667341767x.shtml
整租 | 万科红郡 3室1厅1卫,万科红郡,3500,http://wh.58.com/zufang/33678380855365x.shtml
整租 | 塔子湖兴隆苑 2室1厅1卫,塔子湖兴隆苑,2000,http://wh.58.com/zufang/33431222592567x.shtml
整租 | 欢乐星城 2室1厅1卫,"欢乐星城...
距离4号线园林路地铁站10",2000,http://wh.58.com/zufang/33678340647233x.shtml
单间 | 保利城 1室1厅1卫 带阳台豪华淋浴房,保利城,1250,http://wh.58.com/hezu/33678319352783x.shtml
整租 | 海天汽配城幸福天地 2室1厅1卫,海天汽配城幸福天地,1800,http://wh.58.com/zufang/33678784394682x.shtml
整租 | 欢乐星城 2室1厅1卫,"欢乐星城...
距离4号线园林路地铁站10",2000,http://wh.58.com/zufang/33678340647085x.shtml
整租 | 塔子湖锦绣家园幽兰苑 2室1厅1卫,塔子湖锦绣家园幽兰苑,2100,http://wh.58.com/zufang/33678317101894x.shtml
整租 | 海天汽配城幸福天地 2室1厅1卫,海天汽配城幸福天地,1800,http://wh.58.com/zufang/33678784394683x.shtml
整租 | 海天汽配城幸福天地 2室1厅1卫,海天汽配城幸福天地,1800,http://wh.58.com/zufang/33678784392129x.shtml
整租 | 海天汽配城幸福天地 2室1厅1卫,海天汽配城幸福天地,1800,http://wh.58.com/zufang/33678784393668x.shtml
整租 | 海天汽配城幸福天地 2室1厅1卫,海天汽配城幸福天地,1800,http://wh.58.com/zufang/33678784392386x.shtml
整租 | 海天汽配城幸福天地 2室1厅1卫,海天汽配城幸福天地,1800,http://wh.58.com/zufang/33678784394169x.shtml
整租 | 海天汽配城幸福天地 2室1厅1卫,海天汽配城幸福天地,1800,http://wh.58.com/zufang/33678784393656x.shtml
整租 | 海天汽配城幸福天地 2室1厅1卫,海天汽配城幸福天地,1800,http://wh.58.com/zufang/33678784392007x.shtml
整租 | 旭辉御府 2室2厅1卫,旭辉御府,1300,http://wh.58.com/zufang/33678322264636x.shtml
单间 | 金地雄楚一号 3室1厅2卫 男女不限,金地雄楚一号,1100,http://wh.58.com/hezu/31908343732665x.shtml
整租 | 壹加壹空间 1室1厅1卫,"壹加壹空间...
距离3号线陶家岭地铁站1",1600,http://wh.58.com/zufang/33650269110583x.shtml
单间 | 华科东二区81栋招学 2室1厅 次卧 朝南 精装修,华科东二区81栋招学生室,1000,http://wh.58.com/hezu/33678311178571x.shtml
整租 | 大智小区 2室1厅1卫,"大智小区...
距离1号线大智路地铁站2",2200,http://wh.58.com/zufang/33678310811964x.shtml
整租 | 西马名仕 1室1厅1卫,"西马名仕...
距离6号线大智路地铁站3",2600,http://wh.58.com/zufang/33678309662261x.shtml
单间 | 友谊社区北区 1室1厅1卫 合租。,友谊社区北区,1000,http://wh.58.com/hezu/33678308243139x.shtml
单间 | 精装修维佳武昌府二期 3室2厅2卫 限女生,维佳武昌府二期,1000,http://wh.58.com/hezu/33232208112434x.shtml
整租 | 凤凰花园三期 2室2厅1卫,凤凰花园三期,2400,http://wh.58.com/zufang/33484821339957x.shtml
单间 | 中山公园江汉路附近 2室2厅2卫 男女不限,中山公园江汉路附近,1000,http://wh.58.com/hezu/33678308189002x.shtml
整租 | 海尔国际广场 2室1厅1卫,"海尔国际广场...
距离1号线古田二路地铁站4",3000,http://wh.58.com/zufang/33678305644203x.shtml
整租 | 豹驶菇ㄉ缜 2室2厅1卫,豹驶菇ㄉ缜,1000,http://wh.58.com/zufang/33545232716747x.shtml
整租 | 天悦尚景 1室1厅1卫,"天悦尚景...
距离1号线新荣地铁站6",1800,http://wh.58.com/zufang/33465146823092x.shtml
整租 | 汉口北 轻轨站旁小区 3室2厅2卫,汉口北 轻轨站旁小区,1900,http://wh.58.com/zufang/33567544794543x.shtml
整租 | 群建新城 1室1厅1卫,群建新城,2200,http://wh.58.com/zufang/33407045411753x.shtml
整租 | 水域天际 2室1厅1卫,水域天际,2500,http://wh.58.com/zufang/33678286648756x.shtml
整租 | 惠泽园 3室2厅1卫,惠泽园,2500,http://wh.58.com/zufang/32583289676340x.shtml
单间 | 地铁四号线沿线团结大道爱家国际华城主卧带独立卫生间出,爱家国际华城,1200,http://wh.58.com/hezu/33678275434566x.shtml
单间 | 个人转租 地铁口小区 龙安花苑 2室2厅1卫 限女生,龙安花苑,1200,http://wh.58.com/hezu/33207228283964x.shtml
整租 | 武昌区杨园街柴东社区 1室1厅1卫,武昌区杨园街柴东社区,1600,http://wh.58.com/zufang/33678264004142x.shtml
整租 | 九峰德欣里西苑 3室2厅1卫,九峰德欣里西苑,2000,http://wh.58.com/zufang/32823556155978x.shtml
单间 | 东西湖吴家山东建金鼎湾 2室2厅 主卧 朝北 精装修,东建金鼎湾,1280,http://wh.58.com/hezu/33678266847277x.shtml
整租 | 林湘新苑 3室2厅2卫,林湘新苑,3200,http://wh.58.com/zufang/33678265313482x.shtml
单间 | 中南国际城 4室1厅2卫带独立大阳台 男女不限,中南国际城,1300,http://wh.58.com/hezu/33678265140027x.shtml
整租 | 长源假日港湾 1室1厅1卫,"长源假日港湾...
距离6号线金银湖公园地铁站13",2388,http://wh.58.com/zufang/33413107624771x.shtml
整租 | 四台工业园夜市 3室2厅2卫,四台工业园夜市,2000,http://wh.58.com/zufang/33506837405903x.shtml
整租 | 鲤鱼洲家园 2室2厅2卫,鲤鱼洲家园,2000,http://wh.58.com/zufang/33584671668295x.shtml
整租 | 汉城花园 2室1厅1卫,"汉城花园...
距离3号线四新大道地铁站8",1900,http://wh.58.com/zufang/33562560039867x.shtml
整租 | 梁山头社区 1室1厅1卫,梁山头社区,1200,http://wh.58.com/zufang/33678243858885x.shtml
整租 | 中南大公馆 1室0厅1卫,中南大公馆,2400,http://wh.58.com/zufang/25117873519562x.shtml
整租 | 朗诗里程 2室1厅1卫,朗诗里程,2000,http://wh.58.com/zufang/30356126418359x.shtml
整租 | 房东直租常阳永清城办公房 2室2厅1卫,房东直租常阳永清城办公房,4500,http://wh.58.com/zufang/33606005898546x.shtml
整租 | 印力中心 2室2厅1卫,印力中心,2500,http://wh.58.com/zufang/33220035394240x.shtml
整租 | 仁和嘉居 1室1厅1卫,"仁和嘉居...
距离3号线罗家庄地铁站7",1000,http://wh.58.com/zufang/33678221015211x.shtml
整租 | 金鑫国际 3室2厅2卫,金鑫国际,3200,http://wh.58.com/zufang/33678217398700x.shtml
整租 | 金鑫国际 3室2厅2卫,金鑫国际,3200,http://wh.58.com/zufang/33678217398700x.shtml
整租 | 王家湾中央生活区 2室2厅1卫,"王家湾中央生活区...
距离4号线玉龙路地铁站4",2500,http://wh.58.com/zufang/31648357579084x.shtml
单间 | 天丰家园 3室2厅2卫,天丰家园,3200,http://wh.58.com/hezu/32338389764027x.shtml
单间 | 中建康城精装修电梯好房，个人诚租,中建康城西区,1000,http://wh.58.com/hezu/33630603726634x.shtml
整租 | 列电小区 3室2厅1卫,列电小区,2200,http://wh.58.com/zufang/33545117771459x.shtml
整租 | 青菱渔场小区 4室2厅2卫,青菱渔场小区,2800,http://wh.58.com/zufang/31443661689388x.shtml
整租 | 玫瑰苑北区 1室1厅1卫,"玫瑰苑北区...
距离4号线玉龙路地铁站3",1100,http://wh.58.com/zufang/33678200940978x.shtml
整租 | 阳光100大湖第 3室1厅2卫,阳光100大湖第,3000,http://wh.58.com/zufang/33678198449464x.shtml
单间 | 武丰佳园 2室1厅1卫 男女不限 压一付一,武丰佳园,1000,http://wh.58.com/hezu/33550205029569x.shtml
单间 | 直租 蓝光COCO时代 3室2厅1卫 限女生 精装,蓝光COCO时代,1200,http://wh.58.com/hezu/29752231806395x.shtml
整租 | 军山街黄陵蒲潭社区 2室2厅1卫,军山街黄陵蒲潭社区,1000,http://wh.58.com/zufang/24570982948678x.shtml
整租 | 福星苑 1室1厅1卫,"福星苑...
距离4号线复兴路地铁站8",1200,http://wh.58.com/zufang/33318660630201x.shtml
整租 | 津发小区 3室1厅1卫,津发小区,2600,http://wh.58.com/zufang/33589785346368x.shtml
整租 | 中建南湖壹号 2室2厅2卫,中建南湖壹号,3900,http://wh.58.com/zufang/33678191484600x.shtml
整租 | 明泽丰华苑(1-5栋) 2室0厅1卫,明泽丰华苑(1-5栋),1300,http://wh.58.com/zufang/33622425346511x.shtml
单间 | 中铁十七局公寓2室1厅1卫 男女不限,绵绣龙城,1100,http://wh.58.com/hezu/33678186216619x.shtml
整租 | 汉阳钟家村西大街青石小区 1室1厅1卫,汉阳钟家村西大街青石小区,1700,http://wh.58.com/zufang/32692506906153x.shtml
整租 | 青翠苑社区二号院 2室2厅1卫,"青翠苑社区二号院...
距离4号线仁和路地铁站14",1650,http://wh.58.com/zufang/33521161042218x.shtml
整租 | 洪福家园 1室0厅1卫,"洪福家园...
距离2号线光谷广场地铁站9",1400,http://wh.58.com/zufang/33595853620027x.shtml
整租 | 恒大名都 3室1厅1卫,恒大名都,1800,http://wh.58.com/zufang/33639500076459x.shtml
整租 | 时代映象 2室1厅1卫,"时代映象...
距离3号线龙阳村地铁站5",2400,http://wh.58.com/zufang/33678173534251x.shtml
整租 | 水岸国际SOHO公寓 1室1厅1卫,水岸国际SOHO公寓,2400,http://wh.58.com/zufang/33678171610172x.shtml
整租 | SBI创业街 1室1厅2卫,SBI创业街,2200,http://wh.58.com/zufang/33629154556075x.shtml
整租 | 秦园居 3室2厅2卫,秦园居,3000,http://wh.58.com/zufang/33673810107728x.shtml
整租 | 南国大武汉SOHO 1室1厅1卫,"南国大武汉SOHO...
距离3号线宗关地铁站6",1800,http://wh.58.com/zufang/33330564113736x.shtml
整租 | 国际百纳 1室0厅1卫,国际百纳,1300,http://wh.58.com/zufang/28191332445246x.shtml
整租 | 武重经济适用房小区 2室1厅1卫,"武重经济适用房小区...
距离4号线青鱼嘴地铁站6",2800,http://wh.58.com/zufang/33678144423594x.shtml
整租 | 湖北大学五区 3室1厅1卫,湖北大学五区,3100,http://wh.58.com/zufang/33574184197550x.shtml
整租 | 泰驰伊顿阳光 1室1厅1卫,泰驰伊顿阳光,1500,http://wh.58.com/zufang/33457155930829x.shtml
整租 | 佳兆业滨江壹号 3室1厅1卫,佳兆业滨江壹号,3200,http://wh.58.com/zufang/33678149542347x.shtml
单间 | 涂家岭铁路小区 2室1厅1卫 限女生,涂家岭铁路小区,1000,http://wh.58.com/hezu/33678142180944x.shtml
整租 | 翠堤春晓东区 2室2厅1卫,"翠堤春晓东区...
距离6号线金银湖地铁站14",2400,http://wh.58.com/zufang/33563071853614x.shtml
整租 | 中环大厦 1室1厅1卫,"中环大厦...
距离3号线菱角湖地铁站9",2000,http://wh.58.com/zufang/33678137508658x.shtml
整租 | 金谷明珠园东区3室2厅1卫 3室2厅1卫,金谷明珠园东区3室2厅1,1800,http://wh.58.com/zufang/33678108258481x.shtml
整租 | 鼎余里 2室0厅1卫,"鼎余里...
距离2号线江汉路地铁站2",1800,http://wh.58.com/zufang/33678134918328x.shtml
整租 | 鼎余里 2室0厅1卫,"鼎余里...
距离2号线江汉路地铁站2",1800,http://wh.58.com/zufang/33678134918328x.shtml
整租 | 中山路/昙华林路(路口) 2室1厅1卫,中山路/昙华林路(路口),1500,http://wh.58.com/zufang/33340975540804x.shtml
单间 | 唯一一间带阳台的房间,百瑞景中央生活区6期,1430,http://wh.58.com/hezu/33653530558027x.shtml
整租 | 中大长江紫都紫薇苑 2室2厅2卫,中大长江紫都紫薇苑,2000,http://wh.58.com/zufang/33329567003453x.shtml
整租 | 鼎余里 2室1厅1卫,"鼎余里...
距离2号线江汉路地铁站2",1800,http://wh.58.com/zufang/33678117278286x.shtml
整租 | ~房翰林珑城 1室0厅1卫,"~房翰林珑城...
距离1号线太平洋地铁站3",2200,http://wh.58.com/zufang/32690502525361x.shtml
整租 | 丰收小区 3室2厅1卫,丰收小区,2400,http://wh.58.com/zufang/33678115810120x.shtml
整租 | 丰收小区 3室2厅1卫,丰收小区,2400,http://wh.58.com/zufang/33678115982282x.shtml
整租 | 赛博园 2室1厅1卫,"赛博园...
距离4号线玉龙路地铁站6",2100,http://wh.58.com/zufang/32632826036013x.shtml
整租 | 常青花园九南村 2室1厅1卫,"常青花园九南村...
距离6号线轻工大学地铁站2",2200,http://wh.58.com/zufang/33588615372102x.shtml
整租 | 曙光新城C区 1室1厅1卫,曙光新城C区,2000,http://wh.58.com/zufang/27152747635005x.shtml
单间 | 江岸台北香港路惠东花园 4室2厅 主卧 朝南 精装修,惠东花园,1480,http://wh.58.com/hezu/33606618751672x.shtml
单间 | 保利华都 3室1厅1卫 男女不限,保利华都,1290,http://wh.58.com/hezu/33666359616564x.shtml
整租 | 众联天美国际 1室1厅1卫,"众联天美国际...
距离6号线石桥地铁站9",1900,http://wh.58.com/zufang/33202130096947x.shtml
整租 | 名士华府 3室2厅1卫,"名士华府...
距离3号线陶家岭地铁站6",2800,http://wh.58.com/zufang/33678100056136x.shtml
整租 | 军山黄陵蒲谭社区 3室2厅2卫,军山黄陵蒲谭社区,1200,http://wh.58.com/zufang/30188702552520x.shtml
整租 | 正阳大悦城 3室2厅2卫,正阳大悦城,1500,http://wh.58.com/zufang/29904128541756x.shtml
单间 | 顶L西北湖 3室1厅1卫 男女不限,顶L西北湖,1430,http://wh.58.com/hezu/33678093438902x.shtml
整租 | 江汉区天门墩2号环保宿舍 2室2厅1卫,江汉区天门墩2号环保宿舍,2200,http://wh.58.com/zufang/33678090073294x.shtml
整租 | 光谷青年城 1室1厅1卫,光谷青年城,1400,http://wh.58.com/zufang/33678082959300x.shtml
单间 | 南湖康泰花园海棠苑 1室1厅1卫 男女不限,南湖康泰花园海棠苑,1200,http://wh.58.com/hezu/33678077324487x.shtml
整租 | 关南社区三期 2室1厅1卫,关南社区三期,2000,http://wh.58.com/zufang/33522192713013x.shtml
整租 | 汉口城市广场SOHO公寓 2室2厅2卫,"汉口城市广场SOHO公寓...
距离3号线后湖大道地铁站2",1700,http://wh.58.com/zufang/33678070803626x.shtml
整租 | 蔡家花园 3室2厅1卫,蔡家花园,2700,http://wh.58.com/zufang/33678071573171x.shtml
整租 | 日月山水西区 3室2厅2卫,日月山水西区,2300,http://wh.58.com/zufang/33664408250667x.shtml
单间 | 万科魅力之城 金融港附近 精美公寓单间,万科魅力之城南区,1090,http://wh.58.com/hezu/33678060829613x.shtml
单间 | 包物业宽带(无中介)精装大单间,中建康城,1350,http://wh.58.com/hezu/33644015105355x.shtml
单间 | 站邻园社区 3室1厅3卫 主卧独卫 男女不限,站邻园社区,1400,http://wh.58.com/hezu/33632547050043x.shtml
整租 | 汉口城市广场1号楼 1室1厅1卫,汉口城市广场1号楼,1700,http://wh.58.com/zufang/33633802813505x.shtml
单间 | 安顺星苑 3室1厅2卫 男女不限,安顺星苑,1000,http://wh.58.com/hezu/33678058947501x.shtml
整租 | 人智里 3室1厅1卫,"人智里...
距离3号线菱角湖地铁站2",2500,http://wh.58.com/zufang/33455913717583x.shtml
整租 | 金桥工业园职工房 2室1厅1卫,金桥工业园职工房,2000,http://wh.58.com/zufang/31198206607043x.shtml
整租 | 穗丰花园东区 1室0厅1卫,"穗丰花园东区...
距离6号线三眼桥地铁站4",1320,http://wh.58.com/zufang/33678050885192x.shtml
整租 | 翠林雅居 1室1厅1卫,"翠林雅居...
距离6号线杨汊湖地铁站10",1550,http://wh.58.com/zufang/33678047416270x.shtml
整租 | 十里铺商住楼 2室1厅1卫,"十里铺商住楼...
距离4号线十里铺地铁站1",1300,http://wh.58.com/zufang/33587208586563x.shtml
整租 | 翠林雅居 1室1厅1卫,"翠林雅居...
距离6号线杨汊湖地铁站10",1550,http://wh.58.com/zufang/33678047416270x.shtml
整租 | 十里铺商住楼 2室1厅1卫,"十里铺商住楼...
距离4号线十里铺地铁站1",1300,http://wh.58.com/zufang/33587208586563x.shtml
整租 | 武昌区粤汉里社区杨园村 2室1厅1卫,武昌区粤汉里社区杨园村,1600,http://wh.58.com/zufang/33678043180089x.shtml
整租 | 民航小区 3室2厅1卫,"民航小区...
距离2号线长港路地铁站6",2200,http://wh.58.com/zufang/33399413533627x.shtml
整租 | 解放大道香港路口 2室2厅2卫,解放大道香港路口,2500,http://wh.58.com/zufang/33639508632750x.shtml
整租 | 光谷青年城 1室0厅1卫,光谷青年城,1200,http://wh.58.com/zufang/33678036453042x.shtml
整租 | 民主路荆南街小区 1室1厅1卫,"民主路荆南街小区...
距离2号线螃蟹岬地铁站11",1700,http://wh.58.com/zufang/32193252176716x.shtml
整租 | 常青二垸 2室1厅1卫,常青二垸,1700,http://wh.58.com/zufang/33553882827464x.shtml
整租 | 南国北都城市广场 2室2厅1卫,南国北都城市广场,2700,http://wh.58.com/zufang/25669030833454x.shtml
整租 | 金洋花园 2室2厅1卫,金洋花园,2500,http://wh.58.com/zufang/33608578575406x.shtml
单间 | 虎泉地铁站，次卧出租，精装修，家电齐全,新凯山泉居,1200,http://wh.58.com/hezu/32998822351564x.shtml
整租 | 华工科技产业大厦 2室1厅1卫,华工科技产业大厦,1600,http://wh.58.com/zufang/33678017614153x.shtml
整租 | 远洋心汉口御峰 3室2厅2卫,"远洋心汉口御峰...
距离2号线汉口火车站地铁站7",3000,http://wh.58.com/zufang/33346831136590x.shtml
整租 | 取水楼社区 3室1厅1卫,"取水楼社区...
距离2号线青年路地铁站8",2200,http://wh.58.com/zufang/33678017874509x.shtml
整租 | 高新四路旭辉御府 2室2厅1卫,高新四路旭辉御府,2600,http://wh.58.com/zufang/30655696789558x.shtml
整租 | 风度柏林 1室0厅1卫,"风度柏林...
距离2号线光谷广场地铁站11",1100,http://wh.58.com/zufang/33572835888425x.shtml
整租 | 花城家园梅园 2室1厅1卫,花城家园梅园,1500,http://wh.58.com/zufang/33633854961983x.shtml
整租 | 蔡家花园 3室2厅1卫,蔡家花园,2700,http://wh.58.com/zufang/31972917827244x.shtml
整租 | 当代光谷智慧城 2室1厅1卫,"当代光谷智慧城...
距离2号线光谷广场地铁站12",2600,http://wh.58.com/zufang/33344049335996x.shtml
整租 | 万科魅力之城北区 2室2厅1卫,万科魅力之城北区,2500,http://wh.58.com/zufang/33677994797121x.shtml
整租 | 远洋心汉口御峰 3室2厅1卫,"远洋心汉口御峰...
距离2号线汉口火车站地铁站7",3500,http://wh.58.com/zufang/33677997673161x.shtml
单间 | 云鹤小区 3室1厅1卫 男女不限 两间出租1300，,云鹤小区,1300,http://wh.58.com/hezu/33399263297708x.shtml
单间 | 顶秀国际次卧招租啦！,顶秀国际次卧招租啦！,1600,http://wh.58.com/hezu/33677988513988x.shtml
整租 | 联投金色港湾 2室2厅1卫,联投金色港湾,2500,http://wh.58.com/zufang/33175917409232x.shtml
整租 | 四美苑住宅小区 3室1厅1卫,四美苑住宅小区,2700,http://wh.58.com/zufang/33677992206890x.shtml
整租 | 四美新村社区 2室1厅1卫,四美新村社区,1900,http://wh.58.com/zufang/33410740040755x.shtml
整租 | 光谷ONE39 3室1厅2卫,光谷ONE39,3500,http://wh.58.com/zufang/33677992165428x.shtml
整租 | 广电江湾新城南区 2室2厅1卫,"广电江湾新城南区...
距离1号线古田三路地铁站9",2700,http://wh.58.com/zufang/33563800504250x.shtml
整租 | SBI创业街 2室2厅3卫,SBI创业街,2200,http://wh.58.com/zufang/33677983001282x.shtml
整租 | 徐东村小区 3室1厅1卫,徐东村小区,1800,http://wh.58.com/zufang/33677981339570x.shtml
整租 | 湖北省工商行政管理局宿舍 3室2厅1卫,"湖北省工商行政管理局宿舍...
距离4号线青鱼嘴地铁站11",3500,http://wh.58.com/zufang/33443655477327x.shtml
整租 | 南湖新城家园 2室1厅1卫,南湖新城家园,1600,http://wh.58.com/zufang/33667959786420x.shtml
整租 | 仁寿社区 2室1厅1卫,"仁寿社区...
距离1号线太平洋地铁站4",1400,http://wh.58.com/zufang/33677975146061x.shtml
整租 | 武汉五角塘西岸 3室2厅1卫,武汉五角塘西岸,3500,http://wh.58.com/zufang/33677968781625x.shtml
整租 | 保利时代 3室2厅2卫,保利时代,1300,http://wh.58.com/zufang/33677967423288x.shtml
整租 | 董都华廷 3室2厅2卫,"董都华廷...
距离4号线黄金口地铁站4",2000,http://wh.58.com/zufang/33256599422032x.shtml
整租 | 黄浦路外贸宿舍 3室1厅1卫,"黄浦路外贸宿舍...
距离1号线头道街地铁站7",2500,http://wh.58.com/zufang/33467489146057x.shtml
单间 | 洪山光谷北辰当代优+国际青年（生物城附近） 3室2厅,北辰当代优+国际青年互动,1200,http://wh.58.com/hezu/33167415073726x.shtml
整租 | 九峰街景源里社区-西苑 1室1厅1卫,九峰街景源里社区-西苑,1350,http://wh.58.com/zufang/33673559120461x.shtml
整租 | 马沧湖小区 2室1厅1卫,"马沧湖小区...
距离4号线汉阳火车站地铁站5",1800,http://wh.58.com/zufang/33643455941579x.shtml
单间 | 华腾园 2室1厅1卫 男女不限 无中介 可短租,华腾园,1100,http://wh.58.com/hezu/33677800684107x.shtml
单间 | 单间精装1000元地铁商场附近,王家湾中央生活区,1000,http://wh.58.com/hezu/33608622557871x.shtml
单间 | 3室2厅2卫主卧独卫带阳台,祥和家园,1200,http://wh.58.com/hezu/33676516478009x.shtml
整租 | 武汉市委党校宿舍 3室1厅1卫,"武汉市委党校宿舍...
距离2号线长港路地铁站4",2800,http://wh.58.com/zufang/31209947906768x.shtml
整租 | 民航小区 3室2厅2卫,"民航小区...
距离2号线长港路地铁站6",1100,http://wh.58.com/zufang/33677945106858x.shtml
整租 | 爱家皇家公馆 1室0厅0卫,"爱家皇家公馆...
距离4号线铁机路地铁站6",1100,http://wh.58.com/zufang/32292664588723x.shtml
整租 | 联投金色港湾 1室1厅1卫,联投金色港湾,1800,http://wh.58.com/zufang/33677949688781x.shtml
整租 | 恒大名都 3室2厅2卫,恒大名都,2800,http://wh.58.com/zufang/33600273019713x.shtml
整租 | 关山大道保利花园四期 2室2厅1卫,关山大道保利花园四期,3000,http://wh.58.com/zufang/33677939558057x.shtml
单间 | 名士华府 3室2厅3卫 男女不限,名士华府,1000,http://wh.58.com/hezu/33657022562746x.shtml
整租 | 彩虹郡A区 2室1厅1卫,彩虹郡A区,1500,http://wh.58.com/zufang/33677936316993x.shtml
整租 | 七一七小区 3室1厅1卫,"七一七小区...
距离2号线光谷广场地铁站8",2500,http://wh.58.com/zufang/33423128857281x.shtml
整租 | 赛博园 2室1厅1卫,"赛博园...
距离4号线玉龙路地铁站6",1500,http://wh.58.com/zufang/33677932842688x.shtml
整租 | 联投半岛一品 2室2厅1卫,联投半岛一品,1850,http://wh.58.com/zufang/33677925523508x.shtml
整租 | 广厦华庭 1室1厅1卫,"广厦华庭...
距离2号线光谷广场地铁站11",1900,http://wh.58.com/zufang/33677925378239x.shtml
整租 | 水映澜湾 2室2厅1卫,水映澜湾,1200,http://wh.58.com/zufang/33189818334776x.shtml
单间 | 直租南湖壹号125平4室2厅2卫 限男生,中建南湖壹号,1300,http://wh.58.com/hezu/33677919563337x.shtml
单间 | 天丰花园 2室1卫 家电齐全,天丰花园,1850,http://wh.58.com/hezu/33677917234375x.shtml
整租 | 首义小区(张之洞路) 2室1厅1卫,"首义小区(张之洞路)...
距离4号线首义路地铁站2",2600,http://wh.58.com/zufang/33677918048067x.shtml
单间 | 梅苑小区 2室1厅1卫 男女不限,梅苑小区2期,1150,http://wh.58.com/hezu/33209331128778x.shtml
整租 | 保利城SOHO中心 1室3厅1卫,"保利城SOHO中心...
距离4号线罗家港地铁站11",3200,http://wh.58.com/zufang/33585658564285x.shtml
整租 | 青翠苑社区二号院 1室1厅1卫,"青翠苑社区二号院...
距离4号线仁和路地铁站14",1300,http://wh.58.com/zufang/33368389819306x.shtml
单间 | 保利时代 3室2厅2卫 男女不限,保利时代,1200,http://wh.58.com/hezu/33677912927287x.shtml
整租 | 江汉泰源轻纺城 1室0厅1卫,江汉泰源轻纺城,1500,http://wh.58.com/zufang/33677915631679x.shtml
整租 | 市政二公司 1室0厅1卫,市政二公司,1300,http://wh.58.com/zufang/33677904286913x.shtml
整租 | 鸿城家园 2室1厅1卫,鸿城家园,1800,http://wh.58.com/zufang/25179547592363x.shtml
单间 | 三角花园陈家河小区 3室1厅1卫 男女不限,三角花园陈家河小区,1100,http://wh.58.com/hezu/33677907019977x.shtml
整租 | 江汉路统一街 1室1厅1卫,江汉路统一街,1000,http://wh.58.com/zufang/33311366087374x.shtml
整租 | 保利香槟国际(商住楼) 1室1厅1卫,"保利香槟国际(商住楼)...
距离1号线汉西一路地铁站5",2200,http://wh.58.com/zufang/33594682809272x.shtml
整租 | 奥特莱斯V公寓 盘龙大道50号,奥特莱斯V公寓,1000,http://wh.58.com/zufang/33677896396990x.shtml
?????????????????????????????????м????,??????,2400,/fang1/3100406039x.htm?jingxuan=INKicKZPP1X6Hu04910OelFm4eEH5-ItlsJ28i3mPbHVGRGMZuzEXlxoi-p6IBBi9LZv8AAiXg-QUc6hx4JL6UAA4fgwKWwB2CdAyBmmPmVAAOH4MClsAWzf6nbWJEzb&trackkey=94309cb214aed4d70ee5a1d4fe647fa5
,,,
???????????145????? ???????????5500??,????????,5500,/fang1/3125977751x.htm
